City_ID,City,Lat,Lng,Max Temp,Humidity,Cloudiness,Wind Speed,Country,Date
0,atafu village,-8.5421,-172.5159,84.43,77,97,11.45,TK,1715121836
1,bilibino,68.0546,166.4372,29.43,86,95,2.55,RU,1715121803
2,margaret river,-33.95,115.0667,58.01,72,57,10.92,AU,1715121781
3,richards bay,-28.783,32.0377,69.13,74,0,10.87,ZA,1715121789
4,adamstown,-25.066,-130.1015,71.31,78,61,9.31,PN,1715121786
5,waitangi,-43.9535,-176.5597,51.82,72,20,4.0,NZ,1715121784
6,belgrade,44.804,20.4651,61.34,92,0,3.44,RS,1715121836
7,puerto natales,-51.7236,-72.4875,30.31,89,100,2.46,CL,1715121836
8,staritsa,56.5075,34.9354,34.57,77,61,7.58,RU,1715121836
9,mar del plata,-38.0023,-57.5575,63.09,99,100,10.36,AR,1715121663
10,blackmans bay,-43.0167,147.3167,51.73,93,100,6.98,AU,1715121801
11,utrik,11.2278,169.8474,81.81,76,100,19.19,MH,1715121837
12,edinburgh of the seven seas,-37.0676,-12.3116,61.11,86,100,45.3,SH,1715121837
13,camayenne,9.535,-13.6878,84.29,84,40,6.91,GN,1715121837
14,lompoc,34.6391,-120.4579,73.69,64,0,18.41,US,1715121837
15,korce,40.6186,20.7808,52.52,87,73,4.03,AL,1715121837
16,talnakh,69.4865,88.3972,5.2,95,90,5.84,RU,1715121837
17,phuthaditjhaba,-28.5242,28.8158,56.26,30,0,4.68,ZA,1715121837
18,cinisi,38.1562,13.1073,69.01,60,0,4.61,IT,1715121837
19,goundam,16.4145,-3.6708,90.01,39,10,8.66,ML,1715121838
20,happy valley-goose bay,53.3168,-60.3315,43.11,61,75,16.11,CA,1715121838
21,albany,42.6001,-73.9662,77.41,64,56,5.14,US,1715121739
22,punta arenas,-53.15,-70.9167,37.51,87,100,8.05,CL,1715121811
23,larvik,59.0533,10.0352,51.06,86,100,4.61,NO,1715121838
24,wailua homesteads,22.0669,-159.378,81.03,74,20,14.97,US,1715121786
25,krakow,50.0833,19.9167,54.82,75,75,14.97,PL,1715121838
26,port-aux-francais,-49.35,70.2167,40.77,75,15,34.45,TF,1715121778
27,san jose del guaviare,2.5729,-72.6459,77.61,95,89,1.28,CO,1715121838
28,hawaiian paradise park,19.5933,-154.9731,78.73,78,100,6.91,US,1715121838
29,cabo san lucas,22.8909,-109.9124,87.62,39,100,10.36,MX,1715121692
30,grytviken,-54.2811,-36.5092,28.31,78,27,9.22,GS,1715121780
31,papatowai,-46.5619,169.4708,44.28,96,99,15.39,NZ,1715121838
32,college,64.8569,-147.8028,52.12,53,75,1.01,US,1715121779
33,langzhong,31.5504,105.9938,71.82,75,100,1.01,CN,1715121839
34,anadyr,64.75,177.4833,19.9,67,75,8.95,RU,1715121787
35,road town,18.4167,-64.6167,75.24,94,40,3.44,VG,1715121839
36,lorengau,-2.0226,147.2712,81.45,88,100,14.38,PG,1715121839
37,jamestown,42.097,-79.2353,73.02,45,40,10.36,US,1715121651
38,invercargill,-46.4,168.35,47.01,96,100,4.0,NZ,1715121806
39,yellowknife,62.456,-114.3525,54.12,80,100,13.8,CA,1715121790
40,puerto ayora,-0.7393,-90.3518,84.16,94,80,1.01,EC,1715121839
41,port mathurin,-19.6833,63.4167,78.4,61,40,24.83,MU,1715121839
42,mandera,3.9366,41.867,82.24,69,100,11.65,KE,1715121839
43,ushuaia,-54.8,-68.3,35.26,75,0,5.75,AR,1715121839
44,katsuura,35.1333,140.3,67.21,87,100,7.63,JP,1715121839
45,fortaleza,-3.7227,-38.5247,84.33,74,0,8.05,BR,1715121660
46,iskateley,67.6803,53.1512,17.02,95,100,10.0,RU,1715121840
47,bethel,41.3712,-73.414,76.87,57,12,1.52,US,1715121796
48,auki,-8.7676,160.7034,85.53,73,98,5.64,SB,1715121840
49,salinas,36.6777,-121.6555,76.01,64,0,14.97,US,1715121840
50,mamuju,-2.6748,118.8885,79.2,86,84,3.15,ID,1715121743
51,bredasdorp,-34.5322,20.0403,59.92,86,100,4.0,ZA,1715121840
52,queenstown,-31.8976,26.8753,58.93,35,0,5.32,ZA,1715121840
53,melfort,52.8667,-104.6177,66.33,32,96,21.85,CA,1715121601
54,tura,25.5198,90.2201,70.9,78,97,4.09,IN,1715121832
55,tommot,58.9564,126.2925,38.8,99,100,1.72,RU,1715121840
56,minas de marcona,-15.2119,-75.1103,58.69,87,71,18.92,PE,1715121840
57,dapa,9.7594,126.0531,81.27,77,99,1.57,PH,1715121840
58,sinabang,2.4803,96.3801,80.19,83,96,3.94,ID,1715121841
59,avarua,-21.2078,-159.775,84.25,89,100,10.36,CK,1715121795
60,tsiombe,-25.3,45.4833,68.07,88,0,6.76,MG,1715121841
61,west island,-12.1568,96.8225,80.58,83,40,10.36,CC,1715121841
62,cockburn town,21.4612,-71.1419,77.31,80,99,18.39,TC,1715121841
63,murzuq,25.9155,13.9184,82.58,19,88,8.03,LY,1715121841
64,macapa,0.0389,-51.0664,80.58,89,100,2.3,BR,1715121722
65,chaihe,44.7667,129.7,54.09,43,43,4.36,CN,1715121841
66,santana,-0.0583,-51.1817,80.78,89,100,2.3,BR,1715121841
67,longyearbyen,78.2186,15.6401,33.64,80,75,11.5,SJ,1715121805
68,owando,-0.4819,15.8999,76.17,81,89,2.48,CG,1715121841
69,swakopmund,-22.6833,14.5333,58.98,85,0,6.58,NA,1715121842
70,paso de los libres,-29.7131,-57.0899,75.96,81,100,8.68,AR,1715121663
71,siocon,7.7061,122.1353,81.63,74,100,4.68,PH,1715121842
72,jansath,29.3333,77.85,78.17,56,2,10.16,IN,1715121842
73,westport,41.1415,-73.3579,77.29,53,0,13.8,US,1715121816
74,kamina,-8.7386,24.9906,66.18,87,92,4.38,CD,1715121842
75,buka,40.8108,69.1986,69.03,49,100,6.26,UZ,1715121842
76,susuman,62.7833,148.1667,32.99,75,59,5.01,RU,1715121842
77,kimberley,-28.7323,24.7623,58.69,47,0,9.22,ZA,1715121842
78,olonkinbyen,70.9221,-8.7187,32.36,94,9,16.93,SJ,1715121842
79,howrah,22.5892,88.3103,73.4,94,40,4.61,IN,1715121842
80,manaus,-3.1019,-60.025,81.1,89,40,2.3,BR,1715121757
81,carnarvon,-24.8667,113.6333,66.6,46,98,11.81,AU,1715121843
82,ardestan,33.3761,52.3694,67.64,37,76,1.61,IR,1715121843
83,nova sintra,14.8667,-24.7167,74.82,74,2,15.79,CV,1715121843
84,pathein,16.7833,94.7333,83.28,76,53,9.33,MM,1715121843
85,djidiouia,35.9299,0.8287,64.04,71,0,5.75,DZ,1715121843
86,iqaluit,63.7506,-68.5145,31.73,59,20,8.05,CA,1715121785
87,hamilton,39.1834,-84.5333,79.21,81,100,12.66,US,1715121662
88,lethem,3.3803,-59.7968,77.49,89,100,2.35,GY,1715121843
89,enewetak,11.3474,162.3373,82.38,78,94,20.6,MH,1715121843
90,parintins,-2.6283,-56.7358,76.6,97,100,1.74,BR,1715121843
91,whitehorse,60.7161,-135.0538,46.02,42,75,17.27,CA,1715121843
92,grand falls-windsor,48.9332,-55.6649,50.5,88,80,6.64,CA,1715121844
93,vadso,70.0744,29.7487,28.56,86,75,5.75,NO,1715121844
94,ilulissat,69.2167,-51.1,24.82,74,100,3.44,GL,1715121844
95,afaahiti,-17.75,-149.2833,84.07,76,81,14.72,PF,1715121844
96,gamba,-2.65,10.0,79.07,91,100,4.9,GA,1715121844
97,duong dong,10.2167,103.9667,78.8,94,20,2.3,VN,1715121844
98,stanley,54.868,-1.6985,46.53,95,0,3.44,GB,1715121779
99,nuuk,64.1835,-51.7216,34.41,60,0,8.05,GL,1715121780
100,egilsstadir,65.2653,-14.3948,44.51,65,75,13.8,IS,1715121844
101,alice springs,-23.7,133.8833,53.15,82,90,4.61,AU,1715121815
102,hasaki,35.7333,140.8333,66.29,80,100,14.61,JP,1715121844
103,san rafael del yuma,18.4299,-68.6739,80.17,87,51,6.98,DO,1715121844
104,alo,7.4178,6.7371,81.55,77,100,3.42,NG,1715121845
105,zhanaozen,43.3,52.8,55.35,89,81,23.38,KZ,1715121680
106,totness,5.8833,-56.3167,80.28,86,78,12.17,SR,1715121845
107,ribeira grande,38.5167,-28.7,66.6,88,75,14.97,PT,1715121845
108,aur,8.1499,171.1687,82.13,84,76,20.94,MH,1715121845
109,walvis bay,-22.9575,14.5053,59.09,88,0,4.61,NA,1715121845
110,ust-nera,64.5667,143.2,36.05,80,100,4.72,RU,1715121812
111,gadzhiyevo,69.2551,33.3362,23.29,71,98,6.2,RU,1715121845
112,borsa,47.6553,24.6633,51.06,95,99,5.46,RO,1715121845
113,port elizabeth,-33.918,25.5701,68.09,88,75,20.71,ZA,1715121826
114,thompson,55.7435,-97.8558,55.56,47,40,17.27,CA,1715121784
115,codrington,-38.2667,141.9667,52.86,85,21,7.52,AU,1715121804
116,farah,32.5,62.5,78.73,28,0,1.45,AF,1715121846
117,mejit,10.2753,170.8646,81.81,79,72,19.33,MH,1715121846
118,island harbour,50.724,-1.2758,57.22,76,14,1.01,GB,1715121846
119,lazaro cardenas,17.9583,-102.2,82.18,57,98,14.0,MX,1715121846
120,sisimiut,66.9395,-53.6735,26.55,79,100,3.22,GL,1715121846
121,sanctuary point,-35.1114,150.629,61.32,79,89,5.3,AU,1715121846
122,la'ie,21.6477,-157.9253,82.36,72,23,8.01,US,1715121846
123,sur,22.5667,59.5289,90.93,54,4,11.32,OM,1715121846
124,ambon,-3.6954,128.1814,81.88,95,20,5.75,ID,1715121846
125,hermanus,-34.4187,19.2345,56.8,84,82,9.44,ZA,1715121847
126,okhotsk,59.3833,143.3,34.07,82,78,9.75,RU,1715121847
127,tazacorte,28.629,-17.9293,69.15,93,100,8.05,ES,1715121847
128,guerrero negro,27.9769,-114.0611,66.94,57,0,20.92,MX,1715121797
129,samana,19.2056,-69.3369,74.62,93,52,8.63,DO,1715121847
130,envira,-7.3,-70.2167,77.04,95,100,0.87,BR,1715121847
131,alaghsas,17.0187,8.0168,88.02,13,97,1.34,NE,1715121847
132,yeppoon,-23.1333,150.7333,75.25,84,58,18.34,AU,1715121847
133,udachny,66.4167,112.4,31.44,98,97,17.67,RU,1715121847
134,tiksi,71.6872,128.8694,29.43,98,100,8.86,RU,1715121847
135,paharpur,32.1038,70.9724,88.38,17,10,3.31,PK,1715121848
136,shady hills,28.41,-82.5429,88.25,68,0,9.22,US,1715121848
137,mena,51.5217,32.2157,37.02,92,2,5.53,UA,1715121848
138,langtoucun,40.0261,124.3286,56.91,68,0,1.63,CN,1715121848
139,el monte,34.0686,-118.0276,82.15,43,0,13.8,US,1715121731
140,qaqortoq,60.7167,-46.0333,32.34,66,90,1.21,GL,1715121838
141,forster,-32.1667,152.5167,62.38,100,88,2.08,AU,1715121848
142,vakarai,55.6035,23.8213,34.32,69,1,6.46,LT,1715121848
143,chifeng,42.2683,118.9636,59.77,32,53,4.72,CN,1715121559
144,farasan,16.7022,42.1183,84.58,72,14,9.62,SA,1715121848
145,riohacha,11.5444,-72.9072,86.11,84,20,10.36,CO,1715121848
146,muromtsevo,56.3724,75.2418,39.6,93,30,6.04,RU,1715121848
147,palmer,42.1584,-72.3287,79.97,19,40,11.5,US,1715121849
148,pokrovsk,48.282,37.1758,55.45,76,100,6.64,UA,1715121602
149,hinthada,17.6333,95.4667,84.34,66,85,3.09,MM,1715121849
150,vila franca do campo,37.7167,-25.4333,64.89,99,31,8.48,PT,1715121849
151,aasiaat,68.7098,-52.8699,24.55,94,100,5.73,GL,1715121849
152,port alfred,-33.5906,26.891,67.17,94,66,5.01,ZA,1715121849
153,cao bang,22.6667,106.25,73.49,98,100,1.1,VN,1715121849
154,ginir,7.1333,40.7,58.3,92,19,5.93,ET,1715121849
155,kismayo,-0.3582,42.5454,79.3,86,100,9.89,SO,1715121849
156,fort mcmurray,56.7268,-111.381,51.39,87,100,8.05,CA,1715121850
157,metlili chaamba,32.2667,3.6333,79.74,21,20,4.61,DZ,1715121850
158,loreto,22.2667,-101.9667,87.51,10,100,8.1,MX,1715121850
159,khadan khak,30.7477,67.7085,66.22,34,1,3.44,PK,1715121850
160,kikwit,-5.041,18.8162,76.33,55,76,1.97,CD,1715121850
161,kapuskasing,49.4169,-82.4331,62.69,39,75,14.97,CA,1715121850
162,narvik,68.4384,17.4272,36.81,66,0,10.02,NO,1715121625
163,ruskin,27.7209,-82.4332,88.32,68,0,9.22,US,1715121850
164,as sulayyil,20.4607,45.5779,84.45,18,34,3.85,SA,1715121850
165,portage la prairie,49.9728,-98.2926,56.89,81,100,21.85,CA,1715121746
166,brezina,33.0989,1.2608,67.12,33,2,20.24,DZ,1715121850
167,general acha,-37.377,-64.6043,59.32,74,83,5.7,AR,1715121851
168,ust'-ilimsk,58.0006,102.6619,36.45,72,19,4.0,RU,1715121575
169,sitka,57.0531,-135.33,48.09,66,100,13.8,US,1715121792
170,grants pass,42.439,-123.3284,63.18,37,20,8.05,US,1715121851
171,vrangel',42.7297,133.0839,43.59,77,58,5.06,RU,1715121851
172,keflavik,64.0049,-22.5624,39.63,81,75,14.97,IS,1715121851
173,laguna de perlas,12.3429,-83.6712,82.49,77,68,8.25,NI,1715121851
174,isafjordur,66.0755,-23.124,37.44,87,100,2.3,IS,1715121789
175,kokoda,-8.8785,147.7407,78.08,93,100,2.24,PG,1715121851
176,vorgashor,67.5833,63.95,-2.2,100,70,4.85,RU,1715121851
177,puerto santa,-8.9906,-78.6456,67.35,86,95,12.53,PE,1715121851
178,san benito abad,8.929,-75.0271,82.65,88,100,6.06,CO,1715121851
179,altamura,40.8292,16.5537,63.77,81,100,3.02,IT,1715121852
180,olyokminsk,60.3736,120.4264,38.48,78,83,11.48,RU,1715121852
181,governador dix sept rosado,-5.4589,-37.5208,85.84,74,100,7.14,BR,1715121852
182,kingston,17.997,-76.7936,85.15,79,75,10.36,JM,1715121804
183,aykhal,66.0,111.5,24.62,94,97,16.22,RU,1715121852
184,bel ombre,-4.6167,55.4167,78.64,94,40,3.44,SC,1715121852
185,kedrovyy,56.1667,91.8167,30.61,56,100,4.0,RU,1715121852
186,xilin hot,43.9667,116.0333,59.13,23,7,7.96,CN,1715121852
187,sao gabriel da cachoeira,-0.1303,-67.0892,76.28,95,73,1.41,BR,1715121852
188,huarmey,-10.0681,-78.1522,68.72,84,94,11.72,PE,1715121852
189,lospalos,-8.5186,127.0025,73.22,93,92,5.37,TL,1715121852
190,kodiak,57.79,-152.4072,42.31,81,100,10.36,US,1715121853
191,moche,-8.1711,-79.0092,64.58,94,75,10.36,PE,1715121853
192,dhidhdhoo,6.8833,73.1,84.76,72,100,11.36,MV,1715121853
193,mersa matruh,31.3525,27.2453,64.6,68,0,9.22,EG,1715121853
194,puerto baquerizo moreno,-0.9,-89.6,81.59,74,40,12.66,EC,1715121853
195,sarupathar,26.1984,93.8094,69.58,76,34,2.42,IN,1715121853
196,namibe,-15.1961,12.1522,74.37,64,3,8.34,AO,1715121833
197,labuan,5.2767,115.2417,79.16,94,20,1.14,MY,1715121853
198,nur-sultan,51.1801,71.446,42.75,93,0,2.24,KZ,1715121853
199,constantia,44.1833,28.65,61.7,87,100,7.14,RO,1715121853
200,nar'yan-mar,67.6713,53.087,17.11,95,100,10.0,RU,1715121853
201,saint-pierre,-21.3393,55.4781,74.88,60,0,11.5,RE,1715121853
202,pandan,14.0453,124.1694,83.35,70,32,6.62,PH,1715121854
203,weno,7.4515,151.8468,76.95,100,100,8.05,FM,1715121823
204,harper,4.375,-7.7169,82.22,82,78,8.79,LR,1715121854
205,hadibu,12.65,54.0333,84.07,73,5,1.45,YE,1715121854
206,crieff,56.3727,-3.8389,49.35,95,97,2.91,GB,1715121854
207,neryungri,56.6709,124.6491,38.19,99,100,11.68,RU,1715121854
208,monrovia,6.3005,-10.7969,80.37,86,13,7.02,LR,1715121854
209,la passe,45.5549,-0.8967,56.98,89,0,7.02,FR,1715121854
210,belmonte,-15.8631,-38.8828,77.61,84,14,6.33,BR,1715121854
211,bairnsdale,-37.8333,147.6167,54.05,98,4,2.15,AU,1715121854
212,ebon,4.582,168.6964,81.68,82,95,6.58,MH,1715121854
213,alesund,62.4723,6.1549,49.91,98,75,6.91,NO,1715121631
214,kachkanar,58.7,59.4948,31.84,99,100,7.61,RU,1715121854
215,vahdat,38.5563,69.0135,57.94,72,89,2.24,TJ,1715121855
216,port lincoln,-34.7333,135.8667,60.82,81,89,10.69,AU,1715121801
217,saipan,15.1355,145.701,86.7,66,40,11.5,MP,1715121802
218,fale old settlement,-9.3852,-171.2468,85.05,75,81,10.22,TK,1715121855
219,pisco,-13.7,-76.2167,69.85,78,76,24.16,PE,1715121855
220,chulakkurgan,43.765,69.1814,63.64,46,100,5.84,KZ,1715121855
221,noosa heads,-26.3833,153.15,66.11,75,54,18.66,AU,1715121855
222,laguna,38.421,-121.4238,76.23,34,0,16.11,US,1715121855
223,badger,64.8,-147.5333,52.05,52,75,0.0,US,1715121833
224,mount pleasant,32.7941,-79.8626,87.26,75,0,14.97,US,1715121826
225,anna regina,7.2644,-58.5077,80.51,83,100,7.78,GY,1715121833
226,ghadamis,30.1337,9.5007,73.51,34,0,7.81,LY,1715121855
227,inebolu,41.9747,33.7608,54.59,50,0,7.25,TR,1715121855
228,beau vallon,-20.4189,57.6953,77.23,65,40,11.5,MU,1715121856
229,patacamaya,-17.2333,-67.9167,60.06,37,95,4.36,BO,1715121856
230,hotan,37.0997,79.9269,67.33,27,0,4.61,CN,1715121856
231,hashtpar,37.8008,48.9037,59.0,85,23,3.02,IR,1715121856
232,at taj,24.2049,23.2857,72.75,19,27,8.41,LY,1715121856
233,la mira,18.035,-102.3266,83.7,50,95,12.41,MX,1715121856
234,port isabel,26.0734,-97.2086,91.49,82,75,12.66,US,1715121856
235,robbah,33.2797,6.9098,74.84,35,49,18.9,DZ,1715121856
236,berdigestyakh,62.0989,126.6992,37.31,82,96,8.46,RU,1715121856
237,battambang,13.1027,103.1982,77.31,84,90,1.43,KH,1715121856
238,severo-yeniseyskiy,60.3725,93.0408,26.58,96,100,4.0,RU,1715121856
239,vallenar,-28.5708,-70.7581,56.25,59,0,3.27,CL,1715121856
240,rongelap,11.1635,166.8941,81.3,81,80,19.98,MH,1715121857
241,holualoa,19.6228,-155.9522,78.64,74,40,9.22,US,1715121857
242,ghatal,22.6667,87.7167,78.31,80,100,4.29,IN,1715121857
243,east london,-33.0153,27.9116,71.31,88,11,18.79,ZA,1715121857
244,vila do maio,15.1333,-23.2167,77.79,75,17,11.5,CV,1715121857
245,kimbe,-5.5502,150.1429,82.08,82,98,5.5,PG,1715121857
246,peniche,39.3558,-9.3811,62.29,76,100,10.71,PT,1715121857
247,tazovsky,67.4667,78.7,13.06,94,97,10.78,RU,1715121857
248,fallon,39.4735,-118.7774,62.47,21,40,13.8,US,1715121857
249,chonchi,-42.6128,-73.8092,45.61,92,21,2.51,CL,1715121857
250,naze,28.3667,129.4833,67.12,60,40,5.88,JP,1715121858
251,wenshui,28.4506,106.5267,59.25,88,100,2.68,CN,1715121858
252,vyazemskiy,47.5378,134.7525,51.75,37,10,2.04,RU,1715121858
253,bardai,11.65,7.2333,82.65,45,98,6.35,NG,1715121858
254,kerikeri,-35.2268,173.9474,62.91,75,27,8.99,NZ,1715121858
255,kuta,-8.7233,115.1723,80.55,94,40,10.36,ID,1715121858
256,balqash,46.8481,74.995,61.43,55,59,13.42,KZ,1715121692
257,malango,-2.9627,119.9001,68.72,98,97,1.72,ID,1715121858
258,lihue,21.9789,-159.3672,81.64,68,20,14.97,US,1715121794
259,qamdo,31.1667,97.2333,35.78,77,51,0.27,CN,1715121858
260,brookings,44.3114,-96.7984,62.06,58,100,19.57,US,1715121582
261,ghat,24.9647,10.1728,91.26,16,100,11.16,LY,1715121858
262,lebu,-37.6167,-73.65,47.46,74,8,4.52,CL,1715121858
263,goure,13.9835,10.2704,88.56,11,80,4.7,NE,1715121818
264,chibougamau,49.9168,-74.3659,42.42,75,100,8.05,CA,1715121843
265,alpine,32.835,-116.7664,75.58,54,0,12.66,US,1715121766
266,gazi,35.3253,25.0669,64.06,69,0,6.91,GR,1715121859
267,jaisalmer,26.9147,70.9181,87.1,29,0,18.23,IN,1715121859
268,parres,43.35,-5.15,53.44,84,76,5.39,ES,1715121859
269,klyuchi,52.2667,79.1667,53.55,83,98,7.74,RU,1715121859
270,salinopolis,-0.6136,-47.3561,79.57,88,94,7.94,BR,1715121859
271,twon-brass,4.3151,6.2418,81.36,79,99,3.04,NG,1715121859
272,saudarkrokur,65.7461,-19.6394,39.9,74,100,11.01,IS,1715121859
273,belyayevka,51.3974,56.4096,52.14,66,100,7.76,RU,1715121860
274,awjilah,29.1081,21.2869,74.43,23,71,8.66,LY,1715121791
275,kokkola,63.8385,23.1307,34.93,81,0,3.44,FI,1715121860
276,naracoorte,-36.9579,140.7383,52.97,68,0,4.43,AU,1715121860
277,vilyuchinsk,52.9306,158.4028,35.87,80,100,7.9,RU,1715121860
278,vorkuta,67.5,64.0,-1.89,100,80,5.01,RU,1715121860
279,touros,-5.1989,-35.4608,78.85,84,83,8.95,BR,1715121860
280,rabaul,-4.1967,152.1721,82.44,79,100,2.13,PG,1715121860
281,port saint john's,-31.6229,29.5448,73.74,46,0,7.16,ZA,1715121860
282,bazarnyye mataki,54.8833,49.9333,56.01,86,53,21.0,RU,1715121860
283,puertollano,38.6871,-4.1073,60.15,45,96,3.62,ES,1715121860
284,margate,51.3813,1.3862,51.31,89,13,5.01,GB,1715121097
285,khandyga,62.6667,135.6,42.8,71,100,5.91,RU,1715121860
286,sabang,5.8933,95.3214,84.56,72,100,6.13,ID,1715121861
287,san pedro pochutla,15.7333,-96.4667,89.31,57,100,10.96,MX,1715121861
288,lagoa vermelha,-28.2086,-51.5258,65.84,90,98,3.76,BR,1715121861
289,tawau,4.2498,117.8871,78.93,88,79,4.92,MY,1715121861
290,petropavlovsk-kamchatsky,53.0452,158.6483,34.39,78,100,8.01,RU,1715121825
291,gamboru,12.3707,14.2173,92.14,22,100,8.63,NG,1715121861
292,al bardiyah,31.7561,25.0865,63.09,75,22,6.91,LY,1715121861
293,arraial do cabo,-22.9661,-42.0278,76.96,83,0,13.8,BR,1715121861
294,belyy yar,53.6039,91.3903,40.89,75,0,4.47,RU,1715121861
295,ixtapa,20.7,-105.2,79.83,74,100,12.66,MX,1715121861
296,usinsk,65.9939,57.5281,24.08,90,99,14.0,RU,1715121861
297,motygino,58.1831,94.7592,37.78,80,75,4.0,RU,1715121861
298,morehead city,34.7229,-76.726,81.01,86,100,13.8,US,1715121620
299,mirnyy,62.5353,113.9611,26.24,87,80,13.0,RU,1715121862
300,skovorodino,53.9833,123.9167,59.0,42,100,8.77,RU,1715121862
301,georgetown,5.4112,100.3354,80.55,83,20,3.44,MY,1715121817
302,beledweyne,4.7358,45.2036,78.98,82,100,13.96,SO,1715121862
303,bashmakovo,53.2133,43.0342,39.29,94,100,15.55,RU,1715121862
304,xudat,41.631,48.681,50.81,89,77,4.03,AZ,1715121862
305,agapovka,53.2973,59.1348,49.93,65,33,9.17,RU,1715121862
306,opuwo,-18.0607,13.84,62.85,53,1,3.22,NA,1715121862
307,tsarevo,42.1667,27.85,60.96,79,93,5.59,BG,1715121862
308,guanare,9.0418,-69.7421,84.63,67,88,2.57,VE,1715121863
309,santander,43.4647,-3.8044,52.92,94,75,2.3,ES,1715121863
310,mount isa,-20.7333,139.5,69.57,56,50,0.0,AU,1715121863
311,natal,-5.795,-35.2094,81.25,83,20,4.61,BR,1715121720
312,sittwe,20.15,92.9,80.47,73,97,7.4,MM,1715121863
313,buyeo,36.2819,126.9125,53.42,74,99,9.91,KR,1715121863
314,recani,31.2846,-4.2688,78.75,13,12,7.18,MA,1715121863
315,kavaratti,10.5669,72.642,86.2,68,86,12.17,IN,1715121863
316,yeniseysk,58.4497,92.1703,40.95,77,100,5.99,RU,1715121863
317,kolyshley,52.7005,44.5367,51.67,93,100,13.31,RU,1715121863
318,ishigaki,24.3448,124.1572,75.33,83,40,8.05,JP,1715121863
319,labytnangi,66.6572,66.4183,15.39,90,56,11.54,RU,1715121863
320,saldanha,-33.0117,17.9442,60.85,86,58,8.3,ZA,1715121864
321,shushtar,32.0455,48.8567,75.9,42,92,6.69,IR,1715121864
322,porto novo,6.4965,2.6036,84.02,77,100,7.0,BJ,1715121864
323,arkhangel'sk,64.5401,40.5433,24.91,80,20,8.95,RU,1715121864
324,maine soroa,13.2114,12.0241,90.48,11,56,6.15,NE,1715121864
325,laborde,-33.1532,-62.8566,62.82,75,7,7.34,AR,1715121864
326,st. john's,47.5649,-52.7093,49.28,92,75,2.3,CA,1715121567
327,moroto,2.5345,34.6666,67.17,87,14,0.65,UG,1715121864
328,brokopondo,4.75,-55.1667,78.82,87,100,8.05,SR,1715121864
329,newman,37.3138,-121.0208,73.63,49,7,20.0,US,1715121864
330,altai,46.3722,96.2583,49.41,56,100,2.95,MN,1715121864
331,ust'-kut,56.7938,105.7672,40.95,56,8,2.17,RU,1715121864
332,selfoss,63.9331,-20.9971,36.05,69,40,11.1,IS,1715121855
333,oodweyne,9.4092,45.064,74.41,73,98,2.53,SO,1715121865
334,ceerigaabo,10.6162,47.368,67.3,78,28,3.49,SO,1715121865
335,noumea,-22.2763,166.4572,75.99,99,59,10.96,NC,1715121859
336,muisne,0.6,-80.0333,79.14,82,99,12.35,EC,1715121865
337,madinat sittah uktubar,29.8167,31.05,67.6,52,0,11.34,EG,1715121865
338,al kharijah,25.4514,30.5464,70.05,24,0,8.66,EG,1715121865
339,chernyshevskiy,63.0128,112.4714,26.69,82,99,13.69,RU,1715121865
340,jumla,29.2747,82.1838,47.12,86,100,2.48,NP,1715121865
341,taoudenni,22.6783,-3.9836,91.89,5,19,6.04,ML,1715121865
342,pacific grove,36.6177,-121.9166,69.55,68,0,12.66,US,1715121865
343,pouzauges,46.7794,-0.8362,55.17,94,0,6.98,FR,1715121865
344,karkira,36.9292,6.5856,60.19,90,91,2.13,DZ,1715121866
345,zhaotong,27.3167,103.7167,56.79,88,100,5.01,CN,1715121866
346,nova vicosa,-17.8919,-39.3719,77.65,84,0,6.2,BR,1715121644
347,kiunga,-6.1219,141.2906,75.09,99,100,3.36,PG,1715121709
348,tateyama,34.9833,139.8667,69.1,83,100,7.09,JP,1715121866
349,center,31.5107,-96.4247,90.81,66,59,1.99,US,1715121573
350,usogorsk,63.4106,48.6872,19.67,88,1,3.67,RU,1715121866
351,cusseta,32.3054,-84.7727,89.26,53,96,8.46,US,1715121866
352,princeville,45.7668,-61.2985,53.31,67,57,4.81,CA,1715121859
353,birzebbuga,35.8258,14.5269,66.15,94,20,8.05,MT,1715121866
354,kavieng,-2.5744,150.7967,82.9,83,100,14.52,PG,1715121866
355,hovd,48.0056,91.6419,52.07,53,91,1.57,MN,1715121866
356,fuling,29.7022,107.3919,69.69,83,100,2.55,CN,1715121867
357,bouake,7.6895,-5.0218,80.71,83,20,4.61,CI,1715121867
358,lloydminster,53.2835,-110.0016,50.22,93,100,9.22,CA,1715121601
359,myeik,12.4333,98.6,77.95,81,99,4.36,MM,1715121867
360,gisborne,-38.6533,178.0042,54.68,71,100,7.54,NZ,1715121867
361,atherton,53.5237,-2.4935,56.75,78,52,1.99,GB,1715121867
362,biguacu,-27.4942,-48.6556,78.82,81,75,1.86,BR,1715121703
363,den burg,53.0542,4.7972,53.94,88,100,6.91,NL,1715121867
364,linxia chengguanzhen,35.6003,103.2064,52.75,70,44,3.29,CN,1715121867
365,sikandra,26.3667,79.65,84.54,47,61,14.36,IN,1715121867
366,sao paulo de olivenca,-3.3783,-68.8725,79.84,86,100,3.11,BR,1715121867
367,cidreira,-30.1811,-50.2056,72.54,86,42,7.14,BR,1715121868
368,luderitz,-26.6481,15.1594,61.54,87,0,16.71,NA,1715121868
369,amerongen,52.0025,5.4597,53.87,85,1,1.01,NL,1715121868
370,brisas de zicatela,15.8369,-97.0419,84.69,69,83,11.88,MX,1715121858
371,yambio,4.5721,28.3955,74.84,62,64,3.8,SS,1715121868
372,nelson bay,-32.7167,152.15,64.99,94,95,1.01,AU,1715121868
373,yuzhno-kurilsk,44.0306,145.8556,37.38,95,100,21.59,RU,1715121868
374,buchanan,5.8808,-10.0467,80.98,87,35,7.29,LR,1715121868
375,papao,-17.75,-149.55,85.68,75,72,17.09,PF,1715121868
376,marsh harbour,26.5412,-77.0636,76.32,73,88,9.06,BS,1715121868
377,broome,42.2506,-75.833,71.65,63,57,1.77,US,1715121868
378,tangalle,6.024,80.7911,78.64,90,80,6.15,LK,1715121868
379,polyarnyy,69.1989,33.4478,21.25,72,92,5.5,RU,1715121869
380,watsa,3.0372,29.5355,66.94,80,94,2.68,CD,1715121869
381,abepura,-2.6333,140.5833,79.61,89,40,2.3,ID,1715121869
382,barra de santo antonio,-9.4047,-35.5072,76.28,83,95,10.8,BR,1715121869
383,tenno,39.9,139.9667,45.61,77,100,17.4,JP,1715121869
384,kone,-21.0595,164.8658,77.92,54,9,7.2,NC,1715121869
385,alta,69.9689,23.2717,27.66,64,0,0.0,NO,1715121869
386,puerto deseado,-47.7503,-65.8938,39.33,91,100,14.03,AR,1715121797
387,sicuani,-14.2694,-71.2261,56.08,73,100,0.18,PE,1715121869
388,alexandroupoli,40.8475,25.8744,61.32,77,0,0.0,GR,1715121869
389,hassi messaoud,31.6804,6.0729,80.46,36,40,13.8,DZ,1715121869
390,geri,35.1,33.4167,61.07,88,0,6.91,CY,1715121869
391,sogod,10.3847,124.9814,81.75,80,70,2.08,PH,1715121870
392,danilovka,50.3557,44.1168,58.08,64,0,13.0,RU,1715121870
393,sivagiri,9.3333,77.4333,81.75,73,66,4.21,IN,1715121870
394,viedma,-40.8135,-62.9967,55.36,95,100,7.0,AR,1715121630
395,naudero,27.6648,68.3622,89.62,14,0,2.68,PK,1715121870
396,fort bragg,35.139,-79.006,87.64,53,75,12.66,US,1715121870
397,gore,-46.1028,168.9436,42.12,96,80,7.45,NZ,1715121870
398,klaksvik,62.2266,-6.589,47.32,84,99,19.24,FO,1715121870
399,quellon,-43.1167,-73.6167,42.08,81,59,3.56,CL,1715121870
400,san antonio oeste,-40.7319,-64.9477,59.18,71,100,7.36,AR,1715121870
401,jiazi,22.8779,116.067,75.09,82,99,6.49,CN,1715121870
402,haifa,32.8156,34.9892,62.29,79,0,3.56,IL,1715121846
403,ha'il,27.5219,41.6907,68.02,32,0,4.61,SA,1715121871
404,palmeiras de goias,-16.805,-49.9258,72.54,58,0,5.41,BR,1715121871
405,nuku'alofa,-21.1333,-175.2,80.94,83,75,4.61,TO,1715121871
406,tindouf,27.6711,-8.1474,86.45,11,0,4.61,DZ,1715121871
407,saint-philippe,-21.3585,55.7679,74.79,73,40,15.17,RE,1715121830
408,uttar char fasson,22.2332,90.7132,82.2,79,100,3.2,BD,1715121871
409,dandong,40.1292,124.3947,56.59,64,0,1.23,CN,1715121871
410,mandi,31.7167,76.9167,62.82,34,0,8.41,IN,1715121871
411,burang,30.25,81.1667,33.55,65,100,2.19,CN,1715121871
412,juankoski,63.0667,28.35,26.56,73,11,10.51,FI,1715121871
413,salmon arm,50.6998,-119.3024,63.72,27,100,5.75,CA,1715121871
414,khovd,48.0056,91.6419,52.07,53,91,1.57,MN,1715121866
415,hithadhoo,-0.6,73.0833,84.33,78,89,10.98,MV,1715121872
416,al bayda,32.7627,21.7551,60.08,49,52,5.3,LY,1715121872
417,alofi,-19.0595,-169.9187,78.69,94,75,8.05,NU,1715121872
418,steinkjer,64.193,11.3851,40.14,97,100,3.65,NO,1715121872
419,bovalino,38.149,16.174,69.35,62,100,5.57,IT,1715121872
420,taltal,-25.4,-70.4833,61.56,77,100,3.13,CL,1715121872
421,acarau,-2.8856,-40.12,79.11,90,35,9.33,BR,1715121872
422,basco,20.4487,121.9702,82.89,71,27,12.01,PH,1715121872
423,safford,32.834,-109.7076,86.92,7,0,19.57,US,1715121872
424,cabedelo,-6.9811,-34.8339,79.47,81,100,9.62,BR,1715121872
425,undurkhaan,47.3194,110.6556,53.47,57,91,16.64,MN,1715121873
426,paita,-5.0892,-81.1144,71.31,74,82,19.69,PE,1715121873
427,kawalu,-7.3817,108.2082,71.13,95,56,1.9,ID,1715121873
428,grande prairie,55.1667,-118.8027,59.18,17,75,24.16,CA,1715121873
429,turuntayevo,52.2,107.6167,42.89,83,17,2.51,RU,1715121873
430,labrador city,52.9463,-66.9114,39.11,75,75,21.99,CA,1715121666
431,ingeniero guillermo n. juarez,-23.9,-61.85,89.64,47,9,12.41,AR,1715121835
432,weligama,5.9667,80.4167,79.77,88,80,5.01,LK,1715121873
433,gaspe,48.8334,-64.4819,48.42,57,75,5.75,CA,1715121873
434,dzitbalche,20.3167,-90.05,107.33,17,14,5.64,MX,1715121873
435,la ronge,55.1001,-105.2842,62.85,34,40,13.8,CA,1715121873
436,padang,-0.9492,100.3543,78.85,88,100,8.39,ID,1715121873
437,ponta delgada,37.7333,-25.6667,65.19,94,75,8.05,PT,1715121873
438,louisville,38.2542,-85.7594,81.55,75,75,12.66,US,1715121801
439,san patricio,28.017,-97.5169,88.52,68,82,11.68,US,1715121874
440,zinjibar,13.1287,45.3807,85.14,74,97,6.6,YE,1715121874
441,bandarbeyla,9.4942,50.8122,83.37,81,35,8.68,SO,1715121874
442,mirny,62.5353,113.9611,26.24,87,80,13.0,RU,1715121862
443,kapa'a,22.0752,-159.319,82.38,74,20,14.97,US,1715121874
444,loango,-4.6719,11.8312,80.26,94,20,6.91,CG,1715121840
445,kailua-kona,19.6406,-155.9956,82.36,74,40,9.22,US,1715121131
446,el abiodh sidi cheikh,32.893,0.5484,66.51,32,3,16.62,DZ,1715121874
447,tuy hoa,13.0833,109.3,80.47,85,84,3.18,VN,1715121724
448,lauro de freitas,-12.8944,-38.3272,82.42,74,75,13.8,BR,1715121874
449,bezhetsk,57.7851,36.6965,27.84,88,32,6.58,RU,1715121874
450,dzhetygara,52.1908,61.2006,48.92,54,61,8.5,KZ,1715121874
451,mayna,54.1135,47.6231,51.21,87,80,14.83,RU,1715121875
452,akureyri,65.6835,-18.0878,40.93,70,75,18.41,IS,1715121875
453,mount pearl,47.5166,-52.7813,48.45,92,40,1.99,CA,1715121875
454,haiku-pauwela,20.9219,-156.3051,78.82,74,40,21.85,US,1715121875
455,coquimbo,-29.9533,-71.3436,64.13,67,75,12.66,CL,1715121875
456,varto,39.1732,41.4559,41.5,90,99,3.04,TR,1715121875
457,lubao,14.9167,120.55,80.67,66,50,3.24,PH,1715121875
458,mossel bay,-34.1831,22.146,60.73,90,90,9.01,ZA,1715121875
459,fortuna,40.5982,-124.1573,59.94,66,0,18.41,US,1715121869
460,dawei,14.0833,98.2,77.76,84,99,3.22,MM,1715121875
461,altamira,-3.2033,-52.2064,81.05,71,85,2.62,BR,1715121626
462,ternate,0.8,127.4,82.08,79,68,6.11,ID,1715121875
463,hami,42.8,93.45,73.36,26,42,7.45,CN,1715121876
464,puerto san jose,13.9256,-90.8244,88.79,66,42,13.15,GT,1715121876
465,reshetylivka,49.565,34.0782,40.24,79,55,13.67,UA,1715121876
466,amga,60.8953,131.9608,43.9,70,100,7.16,RU,1715121876
467,lukolela,-1.0605,17.1821,77.88,69,59,2.3,CD,1715121876
468,dame-marie,18.5667,-74.4167,81.99,78,19,4.85,HT,1715121876
469,antofagasta,-23.65,-70.4,61.88,86,94,8.1,CL,1715121832
470,raja,8.4596,25.678,84.54,29,48,1.88,SS,1715121876
471,dunedin,-45.8742,170.5036,56.8,58,29,4.0,NZ,1715121796
472,dolores,-36.3132,-57.6792,61.95,98,100,5.14,AR,1715121876
473,remire-montjoly,4.9167,-52.2667,82.44,83,75,5.75,GF,1715121876
474,mil'kovo,55.6078,37.7956,36.91,76,63,10.38,RU,1715121876
475,san ignacio,17.1561,-89.0714,104.14,31,0,6.91,BZ,1715121831
476,katutura,-22.521,17.0557,64.6,40,17,5.75,NA,1715121877
477,easton,40.6884,-75.2207,79.16,53,0,9.22,US,1715121798
478,lakatoro,-16.0999,167.4164,81.25,65,93,8.08,VU,1715121877
479,daru,-9.0763,143.2092,79.9,88,99,16.08,PG,1715121877
480,winnemucca,40.973,-117.7357,50.05,25,100,23.64,US,1715121877
481,sile,41.1754,29.6133,61.47,61,4,1.01,TR,1715121877
482,ancud,-41.8697,-73.8203,45.03,74,26,8.16,CL,1715121813
483,tolanaro,-25.0319,46.9987,73.47,88,40,6.91,MG,1715121834
484,tocoa,15.6833,-86.0,91.02,56,6,4.88,HN,1715121877
485,ta`u,-14.2336,-169.5144,83.97,81,81,10.67,AS,1715121877
486,bossangoa,6.4926,17.4552,76.24,72,95,3.96,CF,1715121877
487,ciudad lazaro cardenas,17.9583,-102.2,82.18,57,98,14.0,MX,1715121808
488,caleta de carquin,-11.0925,-77.6267,67.46,88,85,10.56,PE,1715121878
489,port blair,11.6667,92.75,78.84,89,20,2.3,IN,1715121878
490,yanbu,24.0891,38.0637,73.44,60,0,3.44,SA,1715121878
491,letterkenny,54.95,-7.7333,47.89,88,100,1.57,IE,1715121878
492,choibalsan,48.0667,114.5,53.11,53,100,23.94,MN,1715121878
493,gao,16.6362,1.637,89.11,25,100,7.54,ML,1715121878
494,oxapampa,-10.5775,-75.4017,62.87,96,79,0.56,PE,1715121878
495,puerto real,36.5282,-6.1901,66.36,72,0,4.61,ES,1715121878
496,agat village,13.3886,144.6585,84.36,80,0,10.36,GU,1715121878
497,rio grande,-32.035,-52.0986,71.71,94,95,5.93,BR,1715121646
498,novyy urgal,51.0736,132.5642,53.04,44,94,1.72,RU,1715121879
499,ormara,25.2088,64.6357,81.14,79,0,7.49,PK,1715121879
500,mandan,46.8267,-100.8896,52.81,92,75,4.61,US,1715121804
501,villa gesell,-37.2639,-56.973,63.05,98,100,14.03,AR,1715121879
502,flying fish cove,-10.4217,105.6791,76.68,94,100,11.5,CX,1715121879
503,glace bay,46.1969,-59.957,52.79,80,40,8.05,CA,1715121879
504,berovo,41.7031,22.8578,52.72,81,100,1.25,MK,1715121622
505,sainte catherine de la jacques cartier,46.8524,-71.6206,65.37,31,20,8.05,CA,1715121879
506,kristiansund,63.1115,7.732,46.45,93,100,10.36,NO,1715121879
507,mariehamn,60.0973,19.9348,35.82,75,0,2.3,AX,1715121879
508,flin flon,54.7682,-101.865,62.44,36,40,14.97,CA,1715121879
509,adi keyh,14.8444,39.3772,62.87,67,17,2.71,ER,1715121879
510,verkhneyarkeyevo,55.4505,54.3145,54.99,72,86,22.37,RU,1715121880
511,sawang wirawong,15.2416,105.0922,76.82,72,89,5.48,TH,1715121880
512,el granada,37.5027,-122.4694,74.43,66,0,16.11,US,1715121880
513,tiassale,5.8983,-4.8283,77.68,92,87,2.59,CI,1715121880
514,glendive,47.1053,-104.7125,49.75,93,100,10.36,US,1715121880
515,luanda,-8.8368,13.2343,80.6,92,20,4.61,AO,1715121880
516,zouerate,22.7187,-12.4521,90.9,8,24,6.85,MR,1715121880
517,carupano,10.6678,-63.2585,82.63,76,89,12.57,VE,1715121880
518,gostyn,51.8825,17.0123,49.66,82,100,8.99,PL,1715121880
519,toma,12.7667,-2.8833,88.59,34,96,4.45,BF,1715121880
520,tralee,52.2704,-9.7026,50.49,87,100,3.11,IE,1715121880
521,formosa do rio preto,-11.0483,-45.1931,76.23,54,4,3.22,BR,1715121880
522,sao joao da barra,-21.6403,-41.0511,77.09,89,0,10.94,BR,1715121881
523,bridgewater,44.3835,-64.5155,64.02,41,11,17.27,CA,1715121881
524,guajara mirim,-10.7828,-65.3394,80.19,79,76,3.44,BR,1715121881
525,corowa,-36.0333,146.3833,53.58,50,0,4.23,AU,1715121881
526,al majaridah,19.1236,41.9111,85.21,49,0,1.07,SA,1715121881
527,intendente alvear,-35.2338,-63.592,60.01,82,99,5.77,AR,1715121664
528,mykolayiv,46.9659,31.9974,55.04,95,100,3.67,UA,1715121881
529,smithers,54.7804,-127.1743,50.32,34,75,4.61,CA,1715121881
530,rumyantsevo,55.9728,36.5342,26.87,86,6,6.51,RU,1715121881
531,surin,14.8818,103.4936,77.38,73,99,3.02,TH,1715121881
532,thetford-mines,46.0937,-71.3054,60.91,65,77,3.4,CA,1715121881
533,nha trang,12.25,109.1833,80.6,88,82,4.32,VN,1715121666
534,makoua,0.0069,15.6333,78.3,75,65,1.25,CG,1715121882
535,barclayville,4.6797,-8.2339,80.62,86,64,5.3,LR,1715121882
536,bankim,6.083,11.4905,73.27,79,100,1.41,CM,1715121882
537,waingapu,-9.6567,120.2641,77.94,82,0,7.05,ID,1715121882
538,tianpeng,30.9866,103.9393,68.47,65,100,8.52,CN,1715121882
539,olenino,56.2092,33.4889,28.92,79,24,5.84,RU,1715121882
540,sao vicente,-23.9631,-46.3919,90.27,26,3,2.64,BR,1715121657
541,anton lizardo,19.05,-95.9833,93.42,71,19,12.53,MX,1715121882
542,aripuana,-9.1667,-60.6333,76.41,97,91,2.13,BR,1715121882
543,seminole,28.7086,-81.2081,91.76,57,20,9.22,US,1715121883
544,kununurra,-15.7667,128.7333,75.18,53,31,4.61,AU,1715121883
545,saint-francois,46.4154,3.9054,53.04,87,0,9.22,FR,1715121883
546,colby,39.3958,-101.0524,70.09,20,77,14.0,US,1715121883
547,petropavlovka,50.6114,105.3196,44.67,65,82,3.65,RU,1715121883
548,blackwater,-23.5833,148.8833,71.17,64,6,11.88,AU,1715121883
549,morondava,-20.2833,44.2833,74.14,62,0,8.88,MG,1715121883
550,kani keli,-12.9536,45.1033,81.66,71,28,17.76,YT,1715121883
551,golyshmanovo,56.3979,68.3728,38.57,68,90,4.79,RU,1715121883
552,kandyagash,49.4744,57.4233,58.69,43,100,15.5,KZ,1715121883
553,pemba,-12.974,40.5178,75.9,94,40,7.0,MZ,1715121883
554,ilhabela,-23.7781,-45.3581,75.65,69,2,4.61,BR,1715121884
555,manadhoo,5.7667,73.3833,84.45,78,89,9.84,MV,1715121884
556,shingu,33.7333,135.9833,66.96,60,63,3.42,JP,1715121850
557,raduzhnyy,62.0961,77.475,35.06,98,100,11.63,RU,1715121884
558,kayangel,8.0823,134.7173,83.08,74,79,10.09,PW,1715121835
559,barah,13.7,30.3667,80.71,16,77,11.41,SD,1715121884
560,neiafu,-18.65,-173.9833,83.08,89,75,5.75,TO,1715121884
561,mao,39.8885,4.2658,55.96,88,20,2.3,ES,1715121884
562,yulinshi,38.2906,109.7494,64.9,22,13,4.09,CN,1715121884
563,vilyuysk,63.7553,121.6247,37.0,85,87,10.0,RU,1715121884
564,borogontsy,62.6683,131.1683,41.7,73,88,9.84,RU,1715121885
565,chignahuapan,19.8333,-98.0333,73.49,45,93,4.92,MX,1715121885
566,garachico,28.7781,-17.7646,66.49,73,100,8.05,ES,1715121885
567,kralendijk,12.15,-68.2667,85.98,74,20,17.27,BQ,1715121885
568,derzhavinsk,51.1,66.3167,49.28,54,44,6.87,KZ,1715121681
569,serdar,38.9764,56.2757,66.92,69,7,7.72,TM,1715121885
570,batticaloa,7.7102,81.6924,82.87,80,86,7.38,LK,1715121885
571,san antonio de pale,-1.4014,5.6325,81.75,81,100,6.15,GQ,1715121885
